{
  "integrations": [
    {
      "id": "68b5b14e-a9a1-4f1f-b1c2-dd3c8614596f",
      "name": "New event with modified responses",
      "action": "CREATE_EVENT_SIMPLE",
      "type": "INBOUND_WEBHOOK",
      "deployed": true,
      "form": "ca3254ec-9f5a-4224-99f2-12adfba5e860",
      "script": "var plan_id = 'aacd8eac-3302-42bd-9c67-d089cfc1eade', form_id = 'ca3254ec-9f5a-4224-99f2-12adfba5e860';\nvar xm_ver = 1;\n\nvar endpointpath = '/api/xm/' + xm_ver + '/plans/' + plan_id + '/forms/' + form_id + '/triggers';\n\nvar req = http.request({\n    method: 'POST',\n    endpoint: 'xMatters',\n    path: endpointpath,\n    headers: {\n        'Content-Type': 'application/json',\n    }\n});\n\n// Add requestId to payload\nvar payload = JSON.parse(request.body);\nif (!payload) {\n    payload = {};\n}\npayload.requestId = request.requestId;\npayload.integrationUUID = request.integrationUuid;\n\nvar response = req.write(payload);\n\n// If not 2xx response, throw exception to fail the integration\nif (response.statusCode >= 300) {\n    throw \"Failed to make call to xMatters endpoint. Path: \" + endpointpath + \". Server responded with status \" + response.statusCode;\n}\n\n",
      "environment": "HOSTED",
      "authType": "URL",
      "createdBy": "IB"
    },
    {
      "id": "4753910f-32e6-442f-bc50-e27cbee8e792",
      "name": "ServiceNow Engage with xMatters",
      "action": "RUN_SCRIPT",
      "type": "INBOUND_WEBHOOK",
      "deployed": true,
      "form": "ca3254ec-9f5a-4224-99f2-12adfba5e860",
      "environment": "HOSTED",
      "authType": "BASIC",
      "createdBy": "FLOW",
      "integrationScriptStepUuid": "1c3b1dba-0196-405d-abf9-7b7a2a602867"
    }
  ],
  "endpoints": [
    {
      "name": "MS Authentication API",
      "baseUrl": "https://login.microsoftonline.com",
      "type": "EXTERNAL",
      "authentication": "NO_AUTH"
    },
    {
      "name": "MS Graph API",
      "baseUrl": "https://graph.microsoft.com",
      "type": "EXTERNAL",
      "authentication": "NO_AUTH"
    },
    {
      "name": "New event Inbound IB",
      "baseUrl": "https://URL_of_an_inbound_integration_that_will_create_an_event",
      "type": "EXTERNAL",
      "authentication": "NO_AUTH"
    }
  ],
  "constants": []
}