[
  {
    "id": "4ec8a6b4-e23e-4ffd-91d0-c83d6e457f71",
    "name": "Create Advanced xMatters Event",
    "description": "Create a new xMatters event through an inbound integration, with the ability to change expiry, priority, set response overrides and use an existing conference bridge. If you just need to send an event on a from in this Workflow use the built in step \"xMatters Create Event\" in Tools. You must add an Inbound Integration of action \"Create a new xMatters event\" in the Integration Builder tab. Select authentication method \"URL Authentication\". Copy trigger whole URL generated and paste into an endpoint for this step. This custom step is from xMatters labs, more info at https://github.com/xmatters/xm-labs-step-xmatters-advanced-event",
    "icon": "https://s3-xmatters-static.s3.amazonaws.com/null/customers/75dd3261-7042-4d60-a665-d20d4824754d/IMAGE__20200303140844716__Create%20Event%20Plus%20Icon.png",
    "script": "\nvar newEvent = {};\n\nif ( input['Recipients'] && input['Recipients'] !== null && input['Recipients'] !== '' )  {\n    newEvent.recipients = [];\n    var recipientsList = input['Recipients'].split(',');\n    for  (var i = 0; i < recipientsList.length; i++) {\n        newEvent.recipients.push( { 'id': recipientsList[i] } );\n    }\n}\n\nif ( input['Properties JSON'] && input['Properties JSON'] !== null && input['Properties JSON'] !== '' )  {\n    newEvent.properties = JSON.parse( input['Properties JSON'] );\n}\n\nif ( input['Conference Bridge JSON'] && input['Conference Bridge JSON'] !== null && input['Conference Bridge JSON'] !== '' )  {\n    newEvent.conference = JSON.parse( input['Conference Bridge JSON'] );\n}\n\nif ( input['Response Overrides JSON'] && input['Response Overrides JSON'] !== null && input['Response Overrides JSON'] !== '' )  {\n    newEvent.responseOptions = JSON.parse( input['Response Overrides JSON'] );\n}\n\nif ( input['Priority'] && input['Priority'] !== null && input['Priority'] !== '' )  {\n    var priorityUpper = input['Priority'].toUpperCase();\n    if ( priorityUpper == 'LOW' || priorityUpper == 'MEDIUM' || priorityUpper == 'HIGH' )  {\n        newEvent.priority = priorityUpper;\n    } else {\n        throw ('Error: Priority \"' + priorityUpper + '\" does not match any of LOW, MEDIUM, HIGH');\n    }\n}\n\nif ( input['Event Expiration'] && input['Event Expiration'] !== null && input['Event Expiration'] !== '' )  {\n    if ( /^\\d+$/.test(input['Event Expiration']) )  {\n        newEvent.expirationInMinutes = parseInt(input['Event Expiration']);\n    } else {\n        throw ('Error: Event Expiration \"' + input['Event Expiration'] + '\" is not a value integer');\n    }\n}\n\n\n\n    \nvar request = http.request( { \n    \"endpoint\": \"InboundIB\",\n    \"path\": '',\n    \"method\": \"POST\",\n    'headers': {\n        'Content-Type': 'application/json'\n    }\n} );\n\n\nconsole.log('Create Advanced xMatters Event - About to trigger new event with payload: ' + JSON.stringify(newEvent) );\nvar response = request.write(JSON.stringify(newEvent));\nconsole.log('Create Advanced xMatters Event - Response: ' + JSON.stringify(response) );\n\n\noutput['Returned Status Code'] = response.statusCode;\n\n",
    "endpointAuthType": "NO_AUTH",
    "endpointLabel": "InboundIB",
    "allowedEnvironment": "HOSTED",
    "accessibleByAll": "NotShared",
    "scriptStepType": "USER",
    "inputs": [
      {
        "id": "a6dc4f97-c95c-4f90-a6d3-004979bd00c6",
        "name": "Recipients",
        "helpText": "Separate multiple recipients with commas. Recipient names that include commas are not supported and may result in targeting errors. If no recipients are entered, only subscribed users will receive notifications.",
        "defaultValue": "",
        "multiline": false,
        "required": false,
        "maxLength": 2000,
        "minLength": 0,
        "position": 0
      },
      {
        "id": "828d6253-f8ed-42f4-bb5e-0dc9acd9eca6",
        "name": "Priority",
        "helpText": "Leave blank to use the form default. The priority of the event. Valid values include: LOW, MEDIUM, HIGH",
        "defaultValue": "",
        "multiline": false,
        "required": false,
        "maxLength": 2000,
        "minLength": 0,
        "position": 1
      },
      {
        "id": "d765186a-685a-4b82-9a63-5cea8f3aaf45",
        "name": "Event Expiration",
        "helpText": "Leave blank to use the form default. The duration of the event in minutes.",
        "defaultValue": "",
        "multiline": false,
        "required": false,
        "maxLength": 2000,
        "minLength": 0,
        "position": 2
      },
      {
        "id": "7a10174a-2f20-4da0-892a-4f82d607c611",
        "name": "Properties JSON",
        "helpText": "Leave blank to use form defaults. Property key and value pairs as a JSON object. Keys will be the property names as they show on the form.",
        "defaultValue": "{ \"My Property\" : \"My Property Value\" }",
        "multiline": true,
        "required": false,
        "maxLength": 20000,
        "minLength": 0,
        "position": 3
      },
      {
        "id": "749ba2b3-4492-4e44-b693-4c0e789ea110",
        "name": "Conference Bridge JSON",
        "helpText": "Leave blank to use form default or no bridge. When a form contains a conference bridge, this allows you to select which conference bridge to use. See https://help.xmatters.com/xmapi/index.html#event-objects",
        "defaultValue": "",
        "multiline": true,
        "required": false,
        "maxLength": 20000,
        "minLength": 0,
        "position": 4
      },
      {
        "id": "506c6a3e-d7aa-4572-9292-23db7dc10fa6",
        "name": "Response Overrides JSON",
        "helpText": "Leave blank to use form default responses. To override the form responses add JSON list of response objects in the format specified for ResponseOptions object at https://help.xmatters.com/xmapi/index.html#event-objects",
        "multiline": true,
        "required": false,
        "maxLength": 20000,
        "minLength": 0,
        "position": 5
      }
    ],
    "outputs": [
      {
        "id": "28ebc10a-a0fd-4971-9f96-f85659473eb7",
        "name": "Returned Status Code",
        "position": 0
      }
    ],
    "libraries": []
  },
  {
    "id": "9f04efe3-8ab5-4807-85ae-dd790fcb419f",
    "name": "MS Teams - Application Authenticate",
    "description": "Run this step at the beginning of your flow to get an session token that can then be used for subsequent Teams steps when you don't need to use delegated permissions. For more details on how to get the three inputs for this step see the instructions on the GitHub repo xm-labs-step-msteam-channels",
    "icon": "http://s3-xmatters-static.s3.amazonaws.com/null/customers/75dd3261-7042-4d60-a665-d20d4824754d/IMAGE__20190716172047201__MS%20Teams%20-%20Authenticate.png",
    "script": "\nvar sessionToken = bearerToken( input['Tenant ID'], input['Client ID'], input['Client Secret'] );\n\nif ( sessionToken )  {\n    output['Session Authentication Token'] = sessionToken;\n} else {\n    console.log('*** An error prevented the token from being created!');\n}\n\n\n/** bearerToken    (RSelby & AWatson - xMatters Consulting)\n  * Authenticate and receive a token\n  * Returns a token if successful, otherwise false\n  */\nfunction bearerToken(tenantId, client_id, client_secret)  {\n    console.log(\"bearerToken starting\");\n    \n    // Path is https://login.microsoftonline.com/{tenant}/oauth2/v2.0/authorize\n    var request = http.request({\n      \"endpoint\": \"MS Auth API\",\n      \"path\": \"/\"+ tenantId+\"/oauth2/v2.0/token\",\n      \"method\": \"POST\",\n      \"headers\": {\n      \"Content-type\": \"application/x-www-form-urlencoded\"\n      }\n    });\n  \n    var details = {\n      'client_id':  client_id,   \n      'grant_type': 'client_credentials',\n      'client_secret': client_secret,  \n      'scope': \"https://graph.microsoft.com/.default\"\n    };\n\n    var data = [];\n    for (var property in details) {\n        var encodedKey = encodeURIComponent(property);\n        var encodedValue = encodeURIComponent(details[property]);\n        data.push(encodedKey + \"=\" + encodedValue);\n    }\n    data = data.join(\"&\");\n\n    var response = request.write(data);\n    var token;\n\n    if (response.statusCode == 200) {\n        json = JSON.parse(response.body);\n        token = json.access_token;\n        console.log(\"bearerToken Success. Bearer Token = \" + token);\n        return token;\n    }\n  \n    console.log (\"bearerToken Didn't work, no bearer token\");  \n    console.log(JSON.stringify(response));\n    return false;\n}\n",
    "endpointAuthType": "NO_AUTH",
    "endpointLabel": "MS Auth API",
    "allowedEnvironment": "HOSTED",
    "accessibleByAll": "NotShared",
    "scriptStepType": "USER",
    "inputs": [
      {
        "id": "698c2726-2308-4e81-8e07-23f11f5dbc23",
        "name": "Tenant ID",
        "helpText": "Login to the Azure portal and create an App Registration, you'll be given the \"Directory (tenant) ID\" which should then be pasted into here.",
        "defaultValue": "",
        "multiline": false,
        "required": true,
        "maxLength": 2000,
        "minLength": 0,
        "position": 0
      },
      {
        "id": "a65cecf4-f217-4dfc-bf67-9723e4350541",
        "name": "Client ID",
        "helpText": "Login to the Azure portal and create an App Registration, you'll be given the \"Application (client) ID\" which should then be pasted into here.",
        "defaultValue": "",
        "multiline": false,
        "required": true,
        "maxLength": 2000,
        "minLength": 0,
        "position": 1
      },
      {
        "id": "8194fa09-06b7-46f6-936f-4b5ffc68363e",
        "name": "Client Secret",
        "helpText": "Login to the Azure portal and create an App Registration, then in Certificates & secrets on that registration create a Client secret. You'll be given a complex secrate which should then be pasted into here.",
        "defaultValue": "",
        "multiline": false,
        "required": true,
        "maxLength": 2000,
        "minLength": 0,
        "position": 2
      }
    ],
    "outputs": [
      {
        "id": "5da3e24a-bf94-4b54-90ee-6aabaa86c515",
        "name": "Session Authentication Token",
        "position": 0
      }
    ],
    "libraries": []
  },
  {
    "id": "c5710ecf-d9de-43f0-8da4-8c2296aa60d5",
    "name": "MS Teams - Create Channel",
    "description": "Specify a channel name and this step will create the channel if it doesn't already exist and return the created channel ID. If the channel does already exist we simply return the ID of the channel.",
    "icon": "http://s3-xmatters-static.s3.amazonaws.com/null/customers/75dd3261-7042-4d60-a665-d20d4824754d/IMAGE__20190715153227540__MS%20Teams%20-%20Add%20Team.png",
    "script": "\noutput['Channel Already Existed?'] = 'FALSE';\n\nvar existingChannel = getChannel(input['Channel Name'], input['Team ID'], input['Session Authentication Token']);\n\nif ( existingChannel )  {\n    console.log('The channel already exists, returning channel ID to flow');\n    output['Channel Already Existed?'] = 'TRUE';\n    output['Channel ID'] = existingChannel.id;\n    output['Channel Web URL'] = existingChannel.webUrl;\n\n} else {\n    \n    var newChannel = createChannel(input['Channel Name'], input['Channel Description'], input['Team ID'], input['Session Authentication Token'] );\n    \n    if ( newChannel ) {\n        console.log('The channel did not exist and so was created.');\n        output['Channel ID'] = newChannel.id;\n        output['Channel Web URL'] = newChannel.webUrl;\n        \n    } else {\n        console.log('The channel did not exist but something went wrong trying to create it.');\n        output['Channel ID'] = '';\n    }\n    \n}\n\n\n\n/** createChannel  (RSelby & AWatson - xMatters Consulting)\n  * Make a Channel inside a Team  \n  * Returns Channel object, or false if it can't be created.\n  * webUrl is one of the properties of the Channel object, which could be useful\n  * \n  * Returned object example:\n{\n  \"@odata.context\": \"https://graph.microsoft.com/v1.0/$metadata#teams('15e8b5c8-0223-42c4-be7e-82c362e49a03')/channels/$entity\",\n  \"id\": \"19:48da5016f72f4884862e00e545b98d0f@thread.skype\",\n  \"displayName\": \"My new channel\",\n  \"description\": \"This is a channel description\",\n  \"email\": \"\",\n  \"webUrl\": \"https://teams.microsoft.com/l/channel/19%3a48da5016f72f4884862e00e545b98d0f%40thread.skype/My+new+channel?groupId=15e8b5c8-0223-42c4-be7e-82c362e49a03&tenantId=1d129432-b0c3-45f1-8f54-5c691ceed94e\"\n}\n  */\nfunction createChannel(channelName, channelDesc, groupId, token) {\n    console.log(\"createChannel starting for \"+channelName + \" in group \"+groupId);\n    \n    var request = http.request({\n      \"endpoint\": \"MS Graph API\",\n      \"path\": \"/v1.0/teams/\"+groupId+\"/channels\",\n      \"method\": \"POST\",\n      \"headers\": {\n      \"Authorization\": \"Bearer \" + token\n      }\n    });\n\n    // Configure Channel settings\n    var data = {\n     \"displayName\":channelName,\n     \"description\":channelDesc\n    };\n    \n    var response = request.write(data);\n    var statusCode = response.statusCode;\n    if ( statusCode== 201) {\n        json = JSON.parse(response.body);\n        console.log('createChannel - Created it. Returning Channel '+channelName);\n        return json;\n    }\n    else     {\n        console.log(\"createChannel statusCode is \"+statusCode +\". Unable to create channel\");\n    }\n    return false;\n}\n\n\n\n/** getChannel  (RSelby & AWatson - xMatters Consulting)\n  * Look for a Channel within a Group\n  * Return it as an object if we find it. Otherwise false.\n  * \n  * Returned object example:\n{\n  \"id\": \"19:48da5016f72f4884862e00e545b98d0f@thread.skype\",\n  \"displayName\": \"My new channel\",\n  \"description\": \"This is a channel description\",\n  \"email\": \"\",\n  \"webUrl\": \"https://teams.microsoft.com/l/channel/19%3a48da5016f72f4884862e00e545b98d0f%40thread.skype/My+new+channel?groupId=15e8b5c8-0223-42c4-be7e-82c362e49a03&tenantId=1d129432-b0c3-45f1-8f54-5c691ceed94e\"\n}\n  */\nfunction getChannel(channelName, groupId, token)\n{\n    console.log(\"getChannel - Looking for \"+ channelName + \" in group \"+groupId);\n    \n    var request = http.request({\n      \"endpoint\": \"MS Graph API\",\n      \"path\": \"/v1.0/teams/\"+groupId+\"/channels\",\n      \"method\": \"GET\",\n      \"headers\": {\n      \"Authorization\": \"Bearer \" + token\n     }\n    });\n    var response = request.write();\n    var statusCode =response.statusCode; \n    var channels = [];\n    if (statusCode==200){\n        json = JSON.parse(response.body);\n        channels = json.value;    \n        channelCount = json.value.length;\n        if (!channelCount){\n            console.log('getChannel - No channels returned when looking for name ' + channelName + '!');\n            return false;\n        }\n        \n        console.log('getChannel - Found '+channelCount + \" channels. Looking for \"+channelName );\n        for (var j=0;  j < channelCount; j++)\n        {\n            var channel = channels[j];\n            console.log('getChannel - '+j+'. Comparing '+ channel.displayName);\n            \n            if (channel.displayName == channelName) {\n                console.log('getChannel - Found!');\n                return channel;\n            }\n        }\n        console.log('getChannel - Channels returned but no '+channelName+' channel found in the list');\n        return false;\n    }\n    \n    console.log('getChannel - status '+statusCode+'. Not good.');\n    return false;\n}",
    "endpointAuthType": "NO_AUTH",
    "endpointLabel": "MS Graph API",
    "allowedEnvironment": "HOSTED",
    "accessibleByAll": "CanUse",
    "scriptStepType": "USER",
    "inputs": [
      {
        "id": "71bd2152-0c5f-41b1-9d5e-a50c56d18e34",
        "name": "Session Authentication Token",
        "helpText": "You must use either of the Authentication steps earlier in the flow and input the returned session token here",
        "multiline": false,
        "required": true,
        "maxLength": 2000,
        "minLength": 0,
        "position": 0
      },
      {
        "id": "40453ef1-f06e-44ae-9220-107b8ca086e5",
        "name": "Channel Name",
        "helpText": "The name of the channel you want to create",
        "defaultValue": "",
        "multiline": false,
        "required": true,
        "maxLength": 2000,
        "minLength": 0,
        "position": 1
      },
      {
        "id": "3e438994-c008-440b-abc5-6e78e59b13dd",
        "name": "Channel Description",
        "helpText": "Help others find the right channel by providing a description",
        "multiline": true,
        "required": false,
        "maxLength": 2000,
        "minLength": 0,
        "position": 2
      },
      {
        "id": "d76d2401-d742-407b-b93a-4d2bd0bd078d",
        "name": "Team ID",
        "helpText": "This is the internal ID of the Office 365 Group that is associated with the Team we want to create the Channel in (sometimes just called the Team ID). You can use the 'MS Teams - Get Team Info' step earlier in the flow to find this from the Team name.",
        "defaultValue": "",
        "multiline": false,
        "required": true,
        "maxLength": 2000,
        "minLength": 0,
        "position": 3
      }
    ],
    "outputs": [
      {
        "id": "056e0067-b4a7-4a98-9c79-f4f96565a0b0",
        "name": "Channel ID",
        "position": 0
      },
      {
        "id": "40883bf5-c6aa-4a9c-b68f-a9a1ee256ef8",
        "name": "Channel Web URL",
        "position": 1
      },
      {
        "id": "577b1585-7999-429f-9ed8-2a31bf87044b",
        "name": "Channel Already Existed?",
        "position": 2
      }
    ],
    "libraries": []
  },
  {
    "id": "482178a8-2fa5-458b-9953-52f7c318742c",
    "name": "MS Teams - Delegated Authenticate",
    "description": "Use this step instead of Application Authenticate to get a token for an action you need to do as someone, such as posting a message to a channel. You do need the username and password of the user you are impersonating. As with the Authenticate step the session token received can then be used for subsequent Teams steps. For more details on how to get the Client ID and Client Secret see the instructions on the GitHub repo xm-labs-step-msteam-channels",
    "icon": "http://s3-xmatters-static.s3.amazonaws.com/null/customers/75dd3261-7042-4d60-a665-d20d4824754d/IMAGE__20191216163808159__Delegated%20Authenticate.png",
    "script": "\nvar sessionToken = bearerToken( input['Username'], input['Password'], input['Client ID'], input['Client Secret'], input['Permissions Scope'] );\n\nif ( sessionToken )  {\n    output['Delegated Session Authentication Token'] = sessionToken;\n} else {\n    console.log('*** An error prevented the token from being created!');\n}\n\n\n/** bearerToken    (RSelby & AWatson - xMatters Consulting)\n  * Authenticate and receive a token\n  * Returns a token if successful, otherwise false\n  */\nfunction bearerToken(username, password, client_id, client_secret, scope)  {\n    console.log(\"bearerToken starting\");\n    \n    // Path is https://login.microsoftonline.com/{tenant}/oauth2/v2.0/authorize\n    var request = http.request({\n      \"endpoint\": \"MS Auth API\",\n      \"path\": \"/organizations/oauth2/v2.0/token\",\n      \"method\": \"POST\",\n      \"headers\": {\n        \"Content-type\": \"application/x-www-form-urlencoded\"\n      }\n    });\n  \n    var details = {\n      'client_id':  client_id,   \n      'grant_type': 'password',\n      'client_secret': client_secret,  \n      'scope': scope,\n      'username': username,\n      'password': password\n    };\n\n    var data = [];\n    for (var property in details) {\n        var encodedKey = encodeURIComponent(property);\n        var encodedValue = encodeURIComponent(details[property]);\n        data.push(encodedKey + \"=\" + encodedValue);\n    }\n    data = data.join(\"&\");\n\n    var response = request.write(data);\n    var token;\n\n    if (response.statusCode == 200) {\n        json = JSON.parse(response.body);\n        token = json.access_token;\n        console.log(\"bearerToken Success. Bearer Token = \" + token);\n        return token;\n    }\n  \n    console.log (\"bearerToken Didn't work, no bearer token\");  \n    console.log(JSON.stringify(response));\n    return false;\n}\n",
    "endpointAuthType": "NO_AUTH",
    "endpointLabel": "MS Auth API",
    "allowedEnvironment": "HOSTED",
    "accessibleByAll": "NotShared",
    "scriptStepType": "USER",
    "inputs": [
      {
        "id": "8b084873-64e4-49ae-9528-b878c94869ed",
        "name": "Client ID",
        "helpText": "Login to the Azure portal and create an App Registration, you'll be given the \"Application (client) ID\" which should then be pasted into here.",
        "defaultValue": "",
        "multiline": false,
        "required": true,
        "maxLength": 2000,
        "minLength": 0,
        "position": 0
      },
      {
        "id": "53ccd3e2-40cd-4942-8b5c-8be9451cd531",
        "name": "Client Secret",
        "helpText": "Login to the Azure portal and create an App Registration, then in Certificates & secrets on that registration create a Client secret. You'll be given a complex secrate which should then be pasted into here.",
        "defaultValue": "",
        "multiline": false,
        "required": true,
        "maxLength": 2000,
        "minLength": 0,
        "position": 1
      },
      {
        "id": "4c43f694-f5d6-4cdc-a683-ee0cff7693e2",
        "name": "Username",
        "helpText": "Username (as an email address) of the user you wish to impersonate",
        "defaultValue": "",
        "multiline": false,
        "required": true,
        "maxLength": 2000,
        "minLength": 0,
        "position": 2
      },
      {
        "id": "464edacf-ca86-4fb5-a0dc-791dda174186",
        "name": "Password",
        "helpText": "Username of the user you wish to impersonate",
        "defaultValue": "",
        "multiline": false,
        "required": true,
        "maxLength": 2000,
        "minLength": 0,
        "position": 3
      },
      {
        "id": "bf1e740d-5021-481b-a662-1a49958cd413",
        "name": "Permissions Scope",
        "helpText": "Space separated list of scopes you want to obtain. Leave as Group.ReadWrite.All if you're not sure",
        "defaultValue": "Group.ReadWrite.All",
        "multiline": false,
        "required": true,
        "maxLength": 2000,
        "minLength": 0,
        "position": 4
      }
    ],
    "outputs": [
      {
        "id": "1ad23fd3-583a-4919-85bc-df1dcf10bee3",
        "name": "Delegated Session Authentication Token",
        "position": 0
      }
    ],
    "libraries": []
  },
  {
    "id": "918b10b3-fe19-48a2-acf4-2f9b07afab3f",
    "name": "MS Teams - Get Team Info",
    "description": "This step will find a Team and return some information about it including it's ID which can be useful for onward steps.",
    "icon": "http://s3-xmatters-static.s3.amazonaws.com/null/customers/75dd3261-7042-4d60-a665-d20d4824754d/IMAGE__20190716170755767__MS%20Teams%20-%20Get%20Team.png",
    "script": "//A Group isn't exactly the same thing as a Team but they are related 1 to 1 :\n//\n//Every team is associated with a group. The group has the same ID as the team - for example, /groups/{id}/team is the same as /teams/{id}\n// https://docs.microsoft.com/en-us/graph/api/resources/team?view=graph-rest-1.0\n//\n//[A group] represents an Azure Active Directory (Azure AD) group, which can be an Office 365 group, or a security group.\n// https://docs.microsoft.com/en-us/graph/api/resources/group?view=graph-rest-1.0\n\n\nvar groupID = getGroup(input['Team Name'], input['Session Authentication Token']);\nif ( groupID )  {\n\n    var teamObj = getTeam( groupID, input['Session Authentication Token']);\n    if ( teamObj )  {\n        console.log('Found group and team with display name \"' + input['Team Name'] + '\"');\n        output['Team ID'] = groupID;\n        if ( teamObj.description )  {\n            output['Team Description'] = teamObj.description;\n        } else {\n            output['Team Description'] = '';\n        }\n        output['Team Web URL'] = teamObj.webUrl;\n        output['Team is Archived'] = teamObj.isArchived;\n        //Add any other outputs you need\n\n    } else {\n        console.log('Found the group with display name \"' + input['Team Name'] + '\" but could not find a team associated with it.');\n\n    }\n\n} else {\n    console.log('Could not find a group with the display name \"' + input['Team Name'] + '\"');\n\n}\n\n\n/** getGroup  (RSelby & AWatson - xMatters Consulting)\n  * Check for existence of a group\n  * Return it's ID if we find it. Otherwise false.\n  */\nfunction getGroup(groupName, token)\n{\n    console.log(\"getGroup - Looking for \"+groupName);\n\n    // Gotta LIST all groups with a search filter\n    var request = http.request({\n    \"endpoint\": \"MS Graph API\",\n    \"path\": \"/v1.0/groups?$filter=startswith(displayName,'\"+ encodeURIComponent(groupName) +\"')\",\n    \"method\": \"GET\",\n    \"headers\": {\n      \"Authorization\": \"Bearer \" + token\n    }\n  });\n\n  var response = request.write();\n  //var msUserId;   //ARW don't think we need this\n  var statusCode = response.statusCode;\n  if ( statusCode == 200)\n  {\n        json = JSON.parse(response.body);\n        var groupList=[];\n        groupList = json.value;\n        console.log(\"getGroup Pulled listing of \"+ groupList.length +\" groups\");  \n\n        for (var i = 0; i< groupList.length; i++)\n        {\n            var displayName = groupList[i].displayName;\n            console.log(\"getGroup Got group called  \" + displayName);\n            if (displayName == groupName){\n                var groupId = groupList[i].id;\n                console.log(\"getGroup Bingo! Returning id \"+ groupId);\n                return  groupId;\n            }\n        }\n\n        console.log(\"getGroup - Don't see it\");\n        return false;\n    }\n    console.log(\"getGroup - Bad request \" + statusCode);\n    return false;\n}\n\n\n/** getTeam  (RSelby & AWatson - xMatters Consulting)\n  * Look for a Team within a Group\n  * Return it as an object if we find it. Otherwise false.\n  * The webUrl property is going to be very handy in the returned data.\n  *\n  * Example Output Object:\n{\n  \"@odata.context\": \"https://graph.microsoft.com/v1.0/$metadata#teams/$entity\",\n  \"id\": \"15e8b5c8-0223-42c4-be7e-82c362e49a03\",\n  \"displayName\": \"Penguin Major Incidents\",\n  \"description\": null,\n  \"internalId\": \"19:2805c6a56a0742fe9f1c81838eded38d@thread.skype\",\n  \"webUrl\": \"https://teams.microsoft.com/l/team/19:2805c6a56a0742fe9f1c81838eded38d%40thread.skype/conversations?groupId=15e8b5c8-0223-42c4-be7e-82c362e49a03&tenantId=1d129432-b0c3-45f1-8f54-5c691ceed94e\",\n  \"isArchived\": false,\n  \"discoverySettings\": {\n    \"showInTeamsSearchAndSuggestions\": true\n  },\n  \"memberSettings\": {\n    \"allowCreateUpdateChannels\": true,\n    \"allowDeleteChannels\": true,\n    \"allowAddRemoveApps\": true,\n    \"allowCreateUpdateRemoveTabs\": true,\n    \"allowCreateUpdateRemoveConnectors\": true\n  },\n  \"guestSettings\": {\n    \"allowCreateUpdateChannels\": false,\n    \"allowDeleteChannels\": false\n  },\n  \"messagingSettings\": {\n    \"allowUserEditMessages\": true,\n    \"allowUserDeleteMessages\": true,\n    \"allowOwnerDeleteMessages\": true,\n    \"allowTeamMentions\": true,\n    \"allowChannelMentions\": true\n  },\n  \"funSettings\": {\n    \"allowGiphy\": true,\n    \"giphyContentRating\": \"moderate\",\n    \"allowStickersAndMemes\": true,\n    \"allowCustomMemes\": true\n  }\n}\n  */\nfunction getTeam( groupId, token)\n{\n    console.log(\"getTeam - Retrieving Team in group \"+groupId);\n\n    var request = http.request({\n      \"endpoint\": \"MS Graph API\",\n      \"path\": \"/v1.0/teams/\"+ encodeURIComponent(groupId),\n      \"method\": \"GET\",\n      \"headers\": {\n      \"Authorization\": \"Bearer \" + token\n     }\n    });\n    var response = request.write();\n    var statusCode =response.statusCode;\n    if (statusCode==200){\n        json = JSON.parse(response.body);\n        console.log('getTeam - Found it. Returning Team Object');\n        return json;\n    }\n\n    console.log('getTeam - status '+statusCode+'. No Team in group ' + groupId);\n    return false;\n}",
    "endpointAuthType": "NO_AUTH",
    "endpointLabel": "MS Graph API",
    "allowedEnvironment": "HOSTED",
    "accessibleByAll": "CanUse",
    "scriptStepType": "USER",
    "inputs": [
      {
        "id": "44a7d981-211f-4d51-b884-9101fba5db81",
        "name": "Session Authentication Token",
        "helpText": "You must use either of the Authentication steps earlier in the flow and input the returned session token here",
        "defaultValue": "",
        "multiline": false,
        "required": true,
        "maxLength": 2000,
        "minLength": 0,
        "position": 0
      },
      {
        "id": "6dd38753-077c-40b5-a203-5652fc9b4331",
        "name": "Team Name",
        "helpText": "The display name of the Team you're looking for",
        "defaultValue": "",
        "multiline": false,
        "required": true,
        "maxLength": 2000,
        "minLength": 0,
        "position": 1
      }
    ],
    "outputs": [
      {
        "id": "a27ce861-e255-4125-b182-3de85861faf2",
        "name": "Team ID",
        "position": 0
      },
      {
        "id": "36c3d078-97e5-44ee-b9b4-ff76cc9e6ed2",
        "name": "Team Description",
        "position": 1
      },
      {
        "id": "369d69f3-5774-40d2-8a1c-bfd24acf8d55",
        "name": "Team Web URL",
        "position": 2
      },
      {
        "id": "1b583886-6f80-4f5e-87e0-4d5ee8144105",
        "name": "Team is Archived",
        "position": 3
      }
    ],
    "libraries": []
  },
  {
    "id": "d705d312-0db8-42d7-9869-2ce295dce8b6",
    "name": "MS Teams - Post to Channel",
    "description": "This step requires a DELEGATED authentication token. Specify a channel name and a message and this step will post the message to the channel. This step uses the MS Office Graph API to post the message rather than using a preconfigured incoming webhook connector in the Teams channel.",
    "icon": "http://s3-xmatters-static.s3.amazonaws.com/null/customers/75dd3261-7042-4d60-a665-d20d4824754d/IMAGE__20191216163753920__MS%20Teams%20-%20Post%20Message%202.png",
    "script": "\nvar channel = getChannel(input['Channel Name'], input['Team ID'], input['Delegated Session Authentication Token']);\n\nif ( channel )  {\n    console.log('The channel exists and has ID: '+channel.id);\n    chatMessage = createChatMessage( input['Message'], channel.id, input['Team ID'], input['Delegated Session Authentication Token']);\n    \n    if ( chatMessage )  {\n        console.log('Created chatMessage with id: '+chatMessage.id);\n    } else {\n        console.log('Failed to create chatMessage');\n    }\n} else {\n    console.log('Failed to create chatMessage because channel '+input['Channel Name']+' does not exist in Team '+input['Team ID']);\n\n}\n\n\n/** createChatMessage   (AWatson - xMatters Consulting)\n * Create chatMessage in a channel\n * https://docs.microsoft.com/en-us/graph/api/channel-post-messages?view=graph-rest-beta&tabs=http\n * Returns the chatMessage object on success, or false on fail\n * \n * !!!! This API is in Beta - \"APIs under the /beta version in Microsoft Graph are subject to change. Use of these APIs in production applications is not supported.\n * \n * Returned object example:\n * \n */\nfunction createChatMessage( message, channelId, groupId, token )  {\n    console.log(\"createChatMessage starting for channel \"+channelId + \" in group \"+groupId+\" and a message: \"+message);\n\n    var request = http.request({\n      \"endpoint\": \"MS Graph API\",\n      \"path\": 'beta/teams/'+groupId+'/channels/'+channelId+'/messages',\n      \"method\": \"POST\",\n      \"headers\": {\n        \"Authorization\": \"Bearer \" + token\n      }\n    });\n    \n    // The message, this is in HTML so there are some fun things you can do\n    var data = {\n        'body': {\n            'contentType': 'html',\n            'content': message\n        }\n    }\n    \n    var response = request.write(data);\n    var statusCode = response.statusCode;\n    if ( statusCode== 201) {\n        json = JSON.parse(response.body);\n        console.log('createChatMessage - Created it. Returning chatMessage object');\n        return json;\n    }\n    else     {\n        console.log(\"createChatMessage statusCode is \"+statusCode +\". Unable to create chatMessage\");\n    }\n    return false;\n    \n}\n\n\n\n/** getChannel  (RSelby & AWatson - xMatters Consulting)\n  * Look for a Channel within a Group\n  * Return it as an object if we find it. Otherwise false.\n  * \n  * Returned object example:\n{\n  \"id\": \"19:48da5016f72f4884862e00e545b98d0f@thread.skype\",\n  \"displayName\": \"My new channel\",\n  \"description\": \"This is a channel description\",\n  \"email\": \"\",\n  \"webUrl\": \"https://teams.microsoft.com/l/channel/19%3a48da5016f72f4884862e00e545b98d0f%40thread.skype/My+new+channel?groupId=15e8b5c8-0223-42c4-be7e-82c362e49a03&tenantId=1d129432-b0c3-45f1-8f54-5c691ceed94e\"\n}\n  */\nfunction getChannel(channelName, groupId, token)\n{\n    console.log(\"getChannel - Looking for \"+ channelName + \" in group \"+groupId);\n    \n    var request = http.request({\n      \"endpoint\": \"MS Graph API\",\n      \"path\": \"/v1.0/teams/\"+groupId+\"/channels\",\n      \"method\": \"GET\",\n      \"headers\": {\n      \"Authorization\": \"Bearer \" + token\n     }\n    });\n    var response = request.write();\n    var statusCode =response.statusCode; \n    var channels = [];\n    if (statusCode==200){\n        json = JSON.parse(response.body);\n        channels = json.value;    \n        channelCount = json.value.length;\n        if (!channelCount){\n            console.log('getChannel - No channels returned when looking for name ' + channelName + '!');\n            return false;\n        }\n        \n        console.log('getChannel - Found '+channelCount + \" channels. Looking for \"+channelName );\n        for (var j=0;  j < channelCount; j++)\n        {\n            var channel = channels[j];\n            console.log('getChannel - '+j+'. Comparing '+ channel.displayName);\n            \n            if (channel.displayName == channelName) {\n                console.log('getChannel - Found!');\n                return channel;\n            }\n        }\n        console.log('getChannel - Channels returned but no '+channelName+' channel found in the list');\n        return false;\n    }\n    \n    console.log('getChannel - status '+statusCode+'. Not good.');\n    return false;\n}\n",
    "endpointAuthType": "NO_AUTH",
    "endpointLabel": "MS Graph API",
    "allowedEnvironment": "HOSTED",
    "accessibleByAll": "NotShared",
    "scriptStepType": "USER",
    "inputs": [
      {
        "id": "52bf9caf-e4c4-4023-a9be-e76c3ece86a9",
        "name": "Delegated Session Authentication Token",
        "helpText": "You must use the MS Teams - Delegated Authenticate step earlier in the flow specifying details of the user you will post as. Input the returned delegated session token here",
        "defaultValue": "",
        "multiline": false,
        "required": true,
        "maxLength": 2000,
        "minLength": 0,
        "position": 0
      },
      {
        "id": "9d92a826-c863-45a3-9016-ff9fd7199323",
        "name": "Team ID",
        "helpText": "This is the internal ID of the Office 365 Group that is associated with the Team that contains the Channel we want to post to (sometimes just called the Team ID). You can use the 'MS Teams - Get Team Info' step earlier in the flow to find this from the Team name.",
        "defaultValue": "",
        "multiline": false,
        "required": true,
        "maxLength": 2000,
        "minLength": 0,
        "position": 1
      },
      {
        "id": "4c1d0dcb-ac1b-485c-8d32-2aeab4d58096",
        "name": "Channel Name",
        "helpText": "The name of the channel you want to post to",
        "defaultValue": "",
        "multiline": false,
        "required": true,
        "maxLength": 2000,
        "minLength": 0,
        "position": 2
      },
      {
        "id": "f869af0e-8795-4d37-92e8-1875f3bb16be",
        "name": "Message",
        "helpText": "The message you want to post to the channel",
        "defaultValue": "",
        "multiline": true,
        "required": true,
        "maxLength": 2000,
        "minLength": 0,
        "position": 3
      }
    ],
    "outputs": [],
    "libraries": []
  },
  {
    "id": "1c3b1dba-0196-405d-abf9-7b7a2a602867",
    "name": "Service Now Engage",
    "description": "Point the engage with xMatters integration to this HTTP Trigger",
    "icon": "https://s3-xmatters-static.s3.amazonaws.com/null/customers/75dd3261-7042-4d60-a665-d20d4824754d/IMAGE__20200211113340430__hf0MaWmi_400x400.png",
    "script": "\r\n\r\n// read the JSON payload that is being passed into the call\r\nvar payload = JSON.parse(request.body);\r\n\r\n// recipients are a JSON list of objects and need to be converted to comma seperaited string list \r\nvar recipientList = [];\r\nfor ( var recipientObjIdx in payload.recipients)  {\r\n    recipientList.push( payload.recipients[recipientObjIdx].targetName );\r\n}\r\noutput.recipients = recipientList.join(',');\r\n\r\n//each element of payload.properties can be an output if the output exists on this step\r\nfor (var property in payload.properties )  {\r\n    output[property] = payload.properties[property];\r\n    console.log('Service Now Engage Trigger: Received property \"' + property\r\n        + '\" as \"' + payload[property]\r\n        + '\" and set as step output.'\r\n        + ' If ' + property + ' is not already a step output add it to use it in your flow.'  );\r\n\r\n}\r\n",
    "allowedEnvironment": "HOSTED",
    "accessibleByAll": "NotShared",
    "triggerAuthType": "BASIC_AUTH",
    "scriptStepType": "CUSTOM_HTTP",
    "inputs": [],
    "outputs": [
      {
        "id": "392083d1-5f82-4660-83db-2e5fd6923492",
        "name": "recipients",
        "position": 0
      },
      {
        "id": "0a2637bf-bf28-4e53-93e6-66011c8ab4ab",
        "name": "task_sys_id",
        "position": 1
      },
      {
        "id": "4e03ab79-9d24-429f-be39-c852039fb548",
        "name": "task_priority",
        "position": 2
      },
      {
        "id": "d0a520c4-0f16-4db4-8ed1-3a64e93bdf4f",
        "name": "task_message_subject",
        "position": 3
      },
      {
        "id": "d6148260-0d35-41f6-b715-ff0191e5aed3",
        "name": "task_state",
        "position": 4
      },
      {
        "id": "7e4e675b-d24c-428c-b784-e23f7f248e77",
        "name": "task_message",
        "position": 5
      },
      {
        "id": "4f8a2304-d81a-4c40-a051-65a66718d1cf",
        "name": "number",
        "position": 6
      },
      {
        "id": "127a665c-ad36-435d-b05c-c003c57d1367",
        "name": "priority",
        "position": 7
      },
      {
        "id": "b208f7a2-871c-4318-ad06-dce7864fd4de",
        "name": "impact",
        "position": 8
      },
      {
        "id": "e0271d6c-5729-49f6-b370-fda6cf90becb",
        "name": "cmdb_ci",
        "position": 9
      },
      {
        "id": "8dbfb662-dfb4-4e48-81f4-a2b3dcfdb9c6",
        "name": "task_initiator_display_name",
        "position": 10
      },
      {
        "id": "47691895-52dd-4e7e-8c36-2c10f7f867f9",
        "name": "task_initiator_username",
        "position": 11
      },
      {
        "id": "5a3d70f6-06a9-4330-974e-e8e278dff9a1",
        "name": "task_recipients",
        "position": 12
      }
    ],
    "libraries": []
  }
]