{
  "name": "MS Teams Channels",
  "form": "ca3254ec-9f5a-4224-99f2-12adfba5e860",
  "blocks": [
    {
      "id": "3d2c229f-cd0c-4674-b38f-1bf0e3986b84",
      "endpoint": "New event Inbound IB",
      "label": "Create Advanced xMatters Event",
      "environment": "HOSTED",
      "presentation": "{\"w\":60,\"x\":1233,\"h\":60,\"y\":235}",
      "step": "4ec8a6b4-e23e-4ffd-91d0-c83d6e457f71",
      "stepType": "SCRIPT_STEP",
      "inputMappings": [
        {
          "inputPort": "input",
          "mapping": "${cc681f42-7535-48f9-b481-9fd265f0e3d5.recipients}",
          "stepInput": "a6dc4f97-c95c-4f90-a6d3-004979bd00c6"
        },
        {
          "inputPort": "input",
          "mapping": "{\n  \"Targets\" : \"${cc681f42-7535-48f9-b481-9fd265f0e3d5.recipients}\",\n  \"Initiator\" : \"${cc681f42-7535-48f9-b481-9fd265f0e3d5.task_initiator_display_name}\",\n  \"Impact\" : \"${cc681f42-7535-48f9-b481-9fd265f0e3d5.impact}\",\n  \"Message\" : \"${cc681f42-7535-48f9-b481-9fd265f0e3d5.task_message}\",\n  \"Teams link\" : \"${97aca6a8-07ed-4f47-b952-6374bd22add2.Channel Web URL}\",\n  \"Ticket Number\" : \"${cc681f42-7535-48f9-b481-9fd265f0e3d5.number}\"\n}",
          "stepInput": "7a10174a-2f20-4da0-892a-4f82d607c611"
        },
        {
          "inputPort": "input",
          "mapping": "[\n   {\n      \"number\": 1,\n      \"text\": \"Accept\",\n      \"description\": \"Click the link above to join the Teams channel\",\n      \"prompt\": \"Accept and indicate you will join the Teams channel\",\n      \"action\": \"STOP_NOTIFYING_TARGET\",\n      \"contribution\": \"POSITIVE\",\n      \"allowComments\": true,\n      \"redirectUrl\": \"${97aca6a8-07ed-4f47-b952-6374bd22add2.Channel Web URL}\"\n   },\n   {\n      \"number\": 2,\n      \"text\": \"Escalate\",\n      \"description\": \"If you cannot join the Teams channel\",\n      \"prompt\": \"Indicate you cannot join the Teams channel\",\n      \"action\": \"ESCALATE\",\n      \"contribution\": \"NEGATIVE\",\n      \"allowComments\": true\n   }\n]",
          "stepInput": "506c6a3e-d7aa-4572-9292-23db7dc10fa6"
        }
      ]
    },
    {
      "id": "97aca6a8-07ed-4f47-b952-6374bd22add2",
      "endpoint": "MS Graph API",
      "label": "Create Channel",
      "environment": "HOSTED",
      "presentation": "{\"w\":60,\"x\":510,\"h\":60,\"y\":149}",
      "step": "c5710ecf-d9de-43f0-8da4-8c2296aa60d5",
      "stepType": "SCRIPT_STEP",
      "inputMappings": [
        {
          "inputPort": "input",
          "mapping": "${b37a1d1d-adbd-47e4-81d5-9bea9edc8957.Delegated Session Authentication Token}",
          "stepInput": "71bd2152-0c5f-41b1-9d5e-a50c56d18e34"
        },
        {
          "inputPort": "input",
          "mapping": "${cc681f42-7535-48f9-b481-9fd265f0e3d5.number}",
          "stepInput": "40453ef1-f06e-44ae-9220-107b8ca086e5"
        },
        {
          "inputPort": "input",
          "mapping": "Cordinating resolution of incident ${cc681f42-7535-48f9-b481-9fd265f0e3d5.number}",
          "stepInput": "3e438994-c008-440b-abc5-6e78e59b13dd"
        },
        {
          "inputPort": "input",
          "mapping": "${0b724c4d-1286-4d9b-8cd3-0dbca0f3c8b8.Team ID}",
          "stepInput": "d76d2401-d742-407b-b93a-4d2bd0bd078d"
        }
      ]
    },
    {
      "id": "b37a1d1d-adbd-47e4-81d5-9bea9edc8957",
      "endpoint": "MS Authentication API",
      "label": "Delegated Authenticate",
      "environment": "HOSTED",
      "presentation": "{\"w\":60,\"x\":170,\"h\":60,\"y\":149}",
      "step": "482178a8-2fa5-458b-9953-52f7c318742c",
      "stepType": "SCRIPT_STEP",
      "inputMappings": [
        {
          "inputPort": "input",
          "mapping": "Group.ReadWrite.All",
          "stepInput": "bf1e740d-5021-481b-a662-1a49958cd413"
        }
      ]
    },
    {
      "id": "1cbe0e56-774a-439d-b45c-26bb7a1cf0c8",
      "label": "Did the channel already exist?",
      "environment": "HOSTED",
      "presentation": "{\"w\":60,\"x\":680,\"h\":60,\"y\":0}",
      "stepType": "SWITCH",
      "inputMappings": [
        {
          "inputPort": "input",
          "mapping": "${97aca6a8-07ed-4f47-b952-6374bd22add2.Channel Already Existed?}"
        }
      ],
      "switchCases": [
        {
          "caseId": "bbc4565f-b12c-48be-85dd-6688caa61ddf",
          "caseValue": "FALSE"
        }
      ]
    },
    {
      "id": "0b724c4d-1286-4d9b-8cd3-0dbca0f3c8b8",
      "endpoint": "MS Graph API",
      "label": "Get Team Info",
      "environment": "HOSTED",
      "presentation": "{\"w\":60,\"x\":340,\"h\":60,\"y\":149}",
      "step": "918b10b3-fe19-48a2-acf4-2f9b07afab3f",
      "stepType": "SCRIPT_STEP",
      "inputMappings": [
        {
          "inputPort": "input",
          "mapping": "${b37a1d1d-adbd-47e4-81d5-9bea9edc8957.Delegated Session Authentication Token}",
          "stepInput": "44a7d981-211f-4d51-b884-9101fba5db81"
        }
      ]
    },
    {
      "id": "cfa52334-b819-4219-85b3-45a3171ec1b1",
      "endpoint": "MS Graph API",
      "label": "Initial Channel Message",
      "environment": "HOSTED",
      "presentation": "{\"w\":60,\"x\":850,\"h\":60,\"y\":64}",
      "step": "d705d312-0db8-42d7-9869-2ce295dce8b6",
      "stepType": "SCRIPT_STEP",
      "inputMappings": [
        {
          "inputPort": "input",
          "mapping": "${b37a1d1d-adbd-47e4-81d5-9bea9edc8957.Delegated Session Authentication Token}",
          "stepInput": "52bf9caf-e4c4-4023-a9be-e76c3ece86a9"
        },
        {
          "inputPort": "input",
          "mapping": "${0b724c4d-1286-4d9b-8cd3-0dbca0f3c8b8.Team ID}",
          "stepInput": "9d92a826-c863-45a3-9016-ff9fd7199323"
        },
        {
          "inputPort": "input",
          "mapping": "${cc681f42-7535-48f9-b481-9fd265f0e3d5.number}",
          "stepInput": "4c1d0dcb-ac1b-485c-8d32-2aeab4d58096"
        },
        {
          "inputPort": "input",
          "mapping": "Impact ${cc681f42-7535-48f9-b481-9fd265f0e3d5.impact} incident decleared<br/>\n<b>Incident Number:</b> ${cc681f42-7535-48f9-b481-9fd265f0e3d5.number}",
          "stepInput": "f869af0e-8795-4d37-92e8-1875f3bb16be"
        }
      ]
    },
    {
      "id": "b4ccc3c0-82c5-4356-be73-8ee878fc41e7",
      "label": "MS Teams - Application Authenticate",
      "environment": "HOSTED",
      "presentation": "{\"w\":60,\"x\":163,\"h\":60,\"y\":366}",
      "step": "9f04efe3-8ab5-4807-85ae-dd790fcb419f",
      "stepType": "SCRIPT_STEP"
    },
    {
      "id": "46226031-688b-4632-8a6a-4b2ae55609f5",
      "endpoint": "MS Graph API",
      "label": "Message on Inviting to Channel",
      "environment": "HOSTED",
      "presentation": "{\"w\":60,\"x\":1036,\"h\":60,\"y\":285}",
      "step": "d705d312-0db8-42d7-9869-2ce295dce8b6",
      "stepType": "SCRIPT_STEP",
      "inputMappings": [
        {
          "inputPort": "input",
          "mapping": "${b37a1d1d-adbd-47e4-81d5-9bea9edc8957.Delegated Session Authentication Token}",
          "stepInput": "52bf9caf-e4c4-4023-a9be-e76c3ece86a9"
        },
        {
          "inputPort": "input",
          "mapping": "${0b724c4d-1286-4d9b-8cd3-0dbca0f3c8b8.Team ID}",
          "stepInput": "9d92a826-c863-45a3-9016-ff9fd7199323"
        },
        {
          "inputPort": "input",
          "mapping": "${cc681f42-7535-48f9-b481-9fd265f0e3d5.number}",
          "stepInput": "4c1d0dcb-ac1b-485c-8d32-2aeab4d58096"
        },
        {
          "inputPort": "input",
          "mapping": "${cc681f42-7535-48f9-b481-9fd265f0e3d5.task_initiator_display_name} engaged ${cc681f42-7535-48f9-b481-9fd265f0e3d5.recipients} to help with this incident",
          "stepInput": "f869af0e-8795-4d37-92e8-1875f3bb16be"
        }
      ]
    },
    {
      "id": "cc681f42-7535-48f9-b481-9fd265f0e3d5",
      "label": "ServiceNow Engage with xMatters",
      "environment": "HOSTED",
      "presentation": "{\"w\":60,\"x\":0,\"h\":60,\"y\":149}",
      "step": "4753910f-32e6-442f-bc50-e27cbee8e792",
      "stepType": "INTEGRATION"
    },
    {
      "id": "fef6fdea-1002-49a7-83de-d13bbb97b521",
      "label": "xMatters Create Event",
      "environment": "HOSTED",
      "presentation": "{\"w\":60,\"x\":1233,\"h\":60,\"y\":63}",
      "step": "ca3254ec-9f5a-4224-99f2-12adfba5e860",
      "stepType": "CREATE_EVENT",
      "inputMappings": [
        {
          "inputPort": "input",
          "mapping": "${cc681f42-7535-48f9-b481-9fd265f0e3d5.recipients}",
          "sectionItemKey": "eb46615c-4861-49f4-bfb1-b56a264d4125"
        },
        {
          "inputPort": "input",
          "mapping": "${cc681f42-7535-48f9-b481-9fd265f0e3d5.task_message}",
          "sectionItemKey": "74e49a7e-7d2f-4eab-9d54-504cf735af90"
        },
        {
          "inputPort": "input",
          "mapping": "${cc681f42-7535-48f9-b481-9fd265f0e3d5.impact}",
          "sectionItemKey": "f6101e06-b09b-4ecf-9026-a1fe3e054bfe"
        },
        {
          "inputPort": "input",
          "mapping": "${cc681f42-7535-48f9-b481-9fd265f0e3d5.task_initiator_display_name}",
          "sectionItemKey": "eb769118-d2c1-41f1-9d8b-87175ac6c89b"
        },
        {
          "inputPort": "input",
          "mapping": "${97aca6a8-07ed-4f47-b952-6374bd22add2.Channel Web URL}",
          "sectionItemKey": "f6bca2ef-821a-428b-a1ae-84860f1f701a"
        },
        {
          "inputPort": "input",
          "mapping": "${cc681f42-7535-48f9-b481-9fd265f0e3d5.recipients}",
          "sectionItemKey": "recipients"
        },
        {
          "inputPort": "input",
          "mapping": "${cc681f42-7535-48f9-b481-9fd265f0e3d5.number}",
          "sectionItemKey": "ddc3b08f-17ba-443c-b4f2-681ecd1d51d6"
        }
      ]
    }
  ],
  "edges": [
    {
      "fromBlock": "97aca6a8-07ed-4f47-b952-6374bd22add2",
      "fromPort": "output",
      "toBlock": "1cbe0e56-774a-439d-b45c-26bb7a1cf0c8",
      "toPort": "input"
    },
    {
      "fromBlock": "b37a1d1d-adbd-47e4-81d5-9bea9edc8957",
      "fromPort": "output",
      "toBlock": "0b724c4d-1286-4d9b-8cd3-0dbca0f3c8b8",
      "toPort": "input"
    },
    {
      "fromBlock": "cc681f42-7535-48f9-b481-9fd265f0e3d5",
      "fromPort": "output",
      "toBlock": "b37a1d1d-adbd-47e4-81d5-9bea9edc8957",
      "toPort": "input"
    },
    {
      "fromBlock": "cfa52334-b819-4219-85b3-45a3171ec1b1",
      "fromPort": "output",
      "toBlock": "46226031-688b-4632-8a6a-4b2ae55609f5",
      "toPort": "input"
    },
    {
      "fromBlock": "0b724c4d-1286-4d9b-8cd3-0dbca0f3c8b8",
      "fromPort": "output",
      "toBlock": "97aca6a8-07ed-4f47-b952-6374bd22add2",
      "toPort": "input"
    },
    {
      "fromBlock": "1cbe0e56-774a-439d-b45c-26bb7a1cf0c8",
      "fromPort": "bbc4565f-b12c-48be-85dd-6688caa61ddf",
      "toBlock": "cfa52334-b819-4219-85b3-45a3171ec1b1",
      "toPort": "input"
    },
    {
      "fromBlock": "1cbe0e56-774a-439d-b45c-26bb7a1cf0c8",
      "fromPort": "output",
      "toBlock": "46226031-688b-4632-8a6a-4b2ae55609f5",
      "toPort": "input"
    },
    {
      "fromBlock": "46226031-688b-4632-8a6a-4b2ae55609f5",
      "fromPort": "output",
      "toBlock": "fef6fdea-1002-49a7-83de-d13bbb97b521",
      "toPort": "input"
    }
  ]
}