[
  {
    "baseType": 3,
    "name": "Impact",
    "defaultValue": "",
    "description": "",
    "helpText": "",
    "isSystem": false,
    "minLength": 0,
    "maxLength": 30,
    "validationRegex": "",
    "isValidate": false,
    "uuid": "f6101e06-b09b-4ecf-9026-a1fe3e054bfe"
  },
  {
    "baseType": 3,
    "name": "Initiator",
    "defaultValue": "",
    "description": "",
    "helpText": "",
    "isSystem": false,
    "minLength": 0,
    "maxLength": 50,
    "validationRegex": "",
    "isValidate": false,
    "uuid": "eb769118-d2c1-41f1-9d8b-87175ac6c89b"
  },
  {
    "baseType": 3,
    "name": "Message",
    "defaultValue": "",
    "description": "",
    "helpText": "",
    "isSystem": false,
    "minLength": 0,
    "maxLength": 20000,
    "validationRegex": "",
    "isValidate": false,
    "uuid": "74e49a7e-7d2f-4eab-9d54-504cf735af90"
  },
  {
    "baseType": 3,
    "name": "Targets",
    "defaultValue": "",
    "description": "",
    "helpText": "",
    "isSystem": false,
    "minLength": 0,
    "maxLength": 100,
    "validationRegex": "",
    "isValidate": false,
    "uuid": "eb46615c-4861-49f4-bfb1-b56a264d4125"
  },
  {
    "baseType": 3,
    "name": "Teams link",
    "defaultValue": "",
    "description": "",
    "helpText": "",
    "isSystem": false,
    "minLength": 0,
    "maxLength": 300,
    "validationRegex": "",
    "isValidate": false,
    "uuid": "f6bca2ef-821a-428b-a1ae-84860f1f701a"
  },
  {
    "baseType": 3,
    "name": "Ticket Number",
    "defaultValue": "",
    "description": "",
    "helpText": "",
    "isSystem": false,
    "minLength": 0,
    "maxLength": 30,
    "validationRegex": "",
    "isValidate": false,
    "uuid": "ddc3b08f-17ba-443c-b4f2-681ecd1d51d6"
  }
]